TenantID,Name,Phone,Email
T0000,Tenant_0,555-5680,tenant0@email.com
T0001,Tenant_1,555-8222,tenant1@email.com
T0002,Tenant_2,555-7345,tenant2@email.com
T0003,Tenant_3,555-5397,tenant3@email.com
T0004,Tenant_4,555-6503,tenant4@email.com
T0005,Tenant_5,555-4107,tenant5@email.com
T0006,Tenant_6,555-6311,tenant6@email.com
T0007,Tenant_7,555-2739,tenant7@email.com
T0008,Tenant_8,555-1009,tenant8@email.com
T0009,Tenant_9,555-7726,tenant9@email.com
T0010,Tenant_10,555-8649,tenant10@email.com
T0011,Tenant_11,555-1192,tenant11@email.com
T0012,Tenant_12,555-9569,tenant12@email.com
T0013,Tenant_13,555-3274,tenant13@email.com
T0014,Tenant_14,555-8370,tenant14@email.com
T0015,Tenant_15,555-2160,tenant15@email.com
T0016,Tenant_16,555-8294,tenant16@email.com
T0017,Tenant_17,555-9068,tenant17@email.com
T0018,Tenant_18,555-3282,tenant18@email.com
T0019,Tenant_19,555-3137,tenant19@email.com
T0020,Tenant_20,555-6308,tenant20@email.com
T0021,Tenant_21,555-7919,tenant21@email.com
T0022,Tenant_22,555-2138,tenant22@email.com
T0023,Tenant_23,555-5962,tenant23@email.com
T0024,Tenant_24,555-1686,tenant24@email.com
T0025,Tenant_25,555-5746,tenant25@email.com
T0026,Tenant_26,555-2578,tenant26@email.com
T0027,Tenant_27,555-4189,tenant27@email.com
T0028,Tenant_28,555-5039,tenant28@email.com
T0029,Tenant_29,555-5981,tenant29@email.com
T0030,Tenant_30,555-6706,tenant30@email.com
T0031,Tenant_31,555-2297,tenant31@email.com
T0032,Tenant_32,555-8442,tenant32@email.com
T0033,Tenant_33,555-1288,tenant33@email.com
T0034,Tenant_34,555-6027,tenant34@email.com
T0035,Tenant_35,555-5050,tenant35@email.com
T0036,Tenant_36,555-9315,tenant36@email.com
T0037,Tenant_37,555-4155,tenant37@email.com
T0038,Tenant_38,555-3739,tenant38@email.com
T0039,Tenant_39,555-9383,tenant39@email.com
T0040,Tenant_40,555-7840,tenant40@email.com
T0041,Tenant_41,555-9139,tenant41@email.com
T0042,Tenant_42,555-1516,tenant42@email.com
T0043,Tenant_43,555-2517,tenant43@email.com
T0044,Tenant_44,555-5559,tenant44@email.com
T0045,Tenant_45,555-2666,tenant45@email.com
T0046,Tenant_46,555-5917,tenant46@email.com
T0047,Tenant_47,555-3453,tenant47@email.com
T0048,Tenant_48,555-9509,tenant48@email.com
T0049,Tenant_49,555-1072,tenant49@email.com
T0050,Tenant_50,555-4882,tenant50@email.com
T0051,Tenant_51,555-3214,tenant51@email.com
T0052,Tenant_52,555-4745,tenant52@email.com
T0053,Tenant_53,555-2098,tenant53@email.com
T0054,Tenant_54,555-4336,tenant54@email.com
T0055,Tenant_55,555-1634,tenant55@email.com
T0056,Tenant_56,555-5485,tenant56@email.com
T0057,Tenant_57,555-8453,tenant57@email.com
T0058,Tenant_58,555-1708,tenant58@email.com
T0059,Tenant_59,555-7726,tenant59@email.com
T0060,Tenant_60,555-9549,tenant60@email.com
T0061,Tenant_61,555-5819,tenant61@email.com
T0062,Tenant_62,555-3178,tenant62@email.com
T0063,Tenant_63,555-6960,tenant63@email.com
T0064,Tenant_64,555-2223,tenant64@email.com
T0065,Tenant_65,555-9526,tenant65@email.com
T0066,Tenant_66,555-8174,tenant66@email.com
T0067,Tenant_67,555-2083,tenant67@email.com
T0068,Tenant_68,555-6220,tenant68@email.com
T0069,Tenant_69,555-7975,tenant69@email.com
T0070,Tenant_70,555-2664,tenant70@email.com
T0071,Tenant_71,555-3158,tenant71@email.com
T0072,Tenant_72,555-2257,tenant72@email.com
T0073,Tenant_73,555-9183,tenant73@email.com
T0074,Tenant_74,555-7484,tenant74@email.com
T0075,Tenant_75,555-4743,tenant75@email.com
T0076,Tenant_76,555-5131,tenant76@email.com
T0077,Tenant_77,555-8649,tenant77@email.com
T0078,Tenant_78,555-9826,tenant78@email.com
T0079,Tenant_79,555-7525,tenant79@email.com
T0080,Tenant_80,555-4634,tenant80@email.com
T0081,Tenant_81,555-5527,tenant81@email.com
T0082,Tenant_82,555-1355,tenant82@email.com
T0083,Tenant_83,555-9174,tenant83@email.com
T0084,Tenant_84,555-4854,tenant84@email.com
T0085,Tenant_85,555-9840,tenant85@email.com
T0086,Tenant_86,555-4737,tenant86@email.com
T0087,Tenant_87,555-5650,tenant87@email.com
T0088,Tenant_88,555-5192,tenant88@email.com
T0089,Tenant_89,555-6920,tenant89@email.com
T0090,Tenant_90,555-9495,tenant90@email.com
T0091,Tenant_91,555-7803,tenant91@email.com
T0092,Tenant_92,555-7853,tenant92@email.com
T0093,Tenant_93,555-3868,tenant93@email.com
T0094,Tenant_94,555-1746,tenant94@email.com
T0095,Tenant_95,555-3291,tenant95@email.com
T0096,Tenant_96,555-5261,tenant96@email.com
T0097,Tenant_97,555-5341,tenant97@email.com
T0098,Tenant_98,555-7903,tenant98@email.com
T0099,Tenant_99,555-6957,tenant99@email.com
T0100,Tenant_100,555-8734,tenant100@email.com
T0101,Tenant_101,555-4050,tenant101@email.com
T0102,Tenant_102,555-6197,tenant102@email.com
T0103,Tenant_103,555-7796,tenant103@email.com
T0104,Tenant_104,555-3481,tenant104@email.com
T0105,Tenant_105,555-3477,tenant105@email.com
T0106,Tenant_106,555-6298,tenant106@email.com
T0107,Tenant_107,555-7794,tenant107@email.com
T0108,Tenant_108,555-4242,tenant108@email.com
T0109,Tenant_109,555-9067,tenant109@email.com
T0110,Tenant_110,555-7795,tenant110@email.com
T0111,Tenant_111,555-9234,tenant111@email.com
T0112,Tenant_112,555-1930,tenant112@email.com
T0113,Tenant_113,555-2984,tenant113@email.com
T0114,Tenant_114,555-9288,tenant114@email.com
T0115,Tenant_115,555-1687,tenant115@email.com
T0116,Tenant_116,555-3417,tenant116@email.com
T0117,Tenant_117,555-6199,tenant117@email.com
T0118,Tenant_118,555-2147,tenant118@email.com
T0119,Tenant_119,555-1284,tenant119@email.com
T0120,Tenant_120,555-2327,tenant120@email.com
T0121,Tenant_121,555-5388,tenant121@email.com
T0122,Tenant_122,555-4619,tenant122@email.com
T0123,Tenant_123,555-2523,tenant123@email.com
T0124,Tenant_124,555-5381,tenant124@email.com
T0125,Tenant_125,555-2177,tenant125@email.com
T0126,Tenant_126,555-5835,tenant126@email.com
T0127,Tenant_127,555-9701,tenant127@email.com
T0128,Tenant_128,555-8134,tenant128@email.com
T0129,Tenant_129,555-2756,tenant129@email.com
T0130,Tenant_130,555-9344,tenant130@email.com
T0131,Tenant_131,555-7957,tenant131@email.com
T0132,Tenant_132,555-6671,tenant132@email.com
T0133,Tenant_133,555-4487,tenant133@email.com
T0134,Tenant_134,555-1214,tenant134@email.com
T0135,Tenant_135,555-2343,tenant135@email.com
T0136,Tenant_136,555-7317,tenant136@email.com
T0137,Tenant_137,555-4109,tenant137@email.com
T0138,Tenant_138,555-8613,tenant138@email.com
T0139,Tenant_139,555-1834,tenant139@email.com
T0140,Tenant_140,555-6389,tenant140@email.com
T0141,Tenant_141,555-6353,tenant141@email.com
T0142,Tenant_142,555-5625,tenant142@email.com
T0143,Tenant_143,555-1509,tenant143@email.com
T0144,Tenant_144,555-8507,tenant144@email.com
T0145,Tenant_145,555-1188,tenant145@email.com
T0146,Tenant_146,555-1208,tenant146@email.com
T0147,Tenant_147,555-7053,tenant147@email.com
T0148,Tenant_148,555-7177,tenant148@email.com
T0149,Tenant_149,555-8051,tenant149@email.com
T0150,Tenant_150,555-9434,tenant150@email.com
T0151,Tenant_151,555-6973,tenant151@email.com
T0152,Tenant_152,555-8185,tenant152@email.com
T0153,Tenant_153,555-5965,tenant153@email.com
T0154,Tenant_154,555-7064,tenant154@email.com
T0155,Tenant_155,555-2044,tenant155@email.com
T0156,Tenant_156,555-2391,tenant156@email.com
T0157,Tenant_157,555-3753,tenant157@email.com
T0158,Tenant_158,555-7263,tenant158@email.com
T0159,Tenant_159,555-9121,tenant159@email.com
T0160,Tenant_160,555-7379,tenant160@email.com
T0161,Tenant_161,555-1822,tenant161@email.com
T0162,Tenant_162,555-9915,tenant162@email.com
T0163,Tenant_163,555-4251,tenant163@email.com
T0164,Tenant_164,555-9393,tenant164@email.com
T0165,Tenant_165,555-4120,tenant165@email.com
T0166,Tenant_166,555-5310,tenant166@email.com
T0167,Tenant_167,555-1442,tenant167@email.com
T0168,Tenant_168,555-3779,tenant168@email.com
T0169,Tenant_169,555-3487,tenant169@email.com
T0170,Tenant_170,555-3702,tenant170@email.com
T0171,Tenant_171,555-5641,tenant171@email.com
T0172,Tenant_172,555-8141,tenant172@email.com
T0173,Tenant_173,555-5290,tenant173@email.com
T0174,Tenant_174,555-6808,tenant174@email.com
T0175,Tenant_175,555-9053,tenant175@email.com
T0176,Tenant_176,555-9165,tenant176@email.com
T0177,Tenant_177,555-1341,tenant177@email.com
T0178,Tenant_178,555-1950,tenant178@email.com
T0179,Tenant_179,555-2744,tenant179@email.com
T0180,Tenant_180,555-1681,tenant180@email.com
T0181,Tenant_181,555-2135,tenant181@email.com
T0182,Tenant_182,555-6934,tenant182@email.com
T0183,Tenant_183,555-2465,tenant183@email.com
T0184,Tenant_184,555-7115,tenant184@email.com
T0185,Tenant_185,555-5718,tenant185@email.com
T0186,Tenant_186,555-7867,tenant186@email.com
T0187,Tenant_187,555-6637,tenant187@email.com
T0188,Tenant_188,555-7988,tenant188@email.com
T0189,Tenant_189,555-5453,tenant189@email.com
T0190,Tenant_190,555-4141,tenant190@email.com
T0191,Tenant_191,555-7498,tenant191@email.com
T0192,Tenant_192,555-3187,tenant192@email.com
T0193,Tenant_193,555-6488,tenant193@email.com
T0194,Tenant_194,555-4672,tenant194@email.com
T0195,Tenant_195,555-9184,tenant195@email.com
T0196,Tenant_196,555-7267,tenant196@email.com
T0197,Tenant_197,555-4725,tenant197@email.com
T0198,Tenant_198,555-5321,tenant198@email.com
T0199,Tenant_199,555-9357,tenant199@email.com
T0200,Tenant_200,555-1894,tenant200@email.com
T0201,Tenant_201,555-5626,tenant201@email.com
T0202,Tenant_202,555-4643,tenant202@email.com
T0203,Tenant_203,555-6566,tenant203@email.com
T0204,Tenant_204,555-8612,tenant204@email.com
T0205,Tenant_205,555-1699,tenant205@email.com
T0206,Tenant_206,555-6167,tenant206@email.com
T0207,Tenant_207,555-2076,tenant207@email.com
T0208,Tenant_208,555-7027,tenant208@email.com
T0209,Tenant_209,555-4102,tenant209@email.com
T0210,Tenant_210,555-8715,tenant210@email.com
T0211,Tenant_211,555-7936,tenant211@email.com
T0212,Tenant_212,555-9130,tenant212@email.com
T0213,Tenant_213,555-7560,tenant213@email.com
T0214,Tenant_214,555-6675,tenant214@email.com
T0215,Tenant_215,555-4652,tenant215@email.com
T0216,Tenant_216,555-8742,tenant216@email.com
T0217,Tenant_217,555-7118,tenant217@email.com
T0218,Tenant_218,555-2307,tenant218@email.com
T0219,Tenant_219,555-5912,tenant219@email.com
T0220,Tenant_220,555-1249,tenant220@email.com
T0221,Tenant_221,555-7297,tenant221@email.com
T0222,Tenant_222,555-5688,tenant222@email.com
T0223,Tenant_223,555-2575,tenant223@email.com
T0224,Tenant_224,555-9904,tenant224@email.com
T0225,Tenant_225,555-8345,tenant225@email.com
T0226,Tenant_226,555-1485,tenant226@email.com
T0227,Tenant_227,555-4324,tenant227@email.com
T0228,Tenant_228,555-1947,tenant228@email.com
T0229,Tenant_229,555-8629,tenant229@email.com
T0230,Tenant_230,555-6600,tenant230@email.com
T0231,Tenant_231,555-1589,tenant231@email.com
T0232,Tenant_232,555-1294,tenant232@email.com
T0233,Tenant_233,555-5885,tenant233@email.com
T0234,Tenant_234,555-4029,tenant234@email.com
T0235,Tenant_235,555-2432,tenant235@email.com
T0236,Tenant_236,555-2529,tenant236@email.com
T0237,Tenant_237,555-9235,tenant237@email.com
T0238,Tenant_238,555-7564,tenant238@email.com
T0239,Tenant_239,555-5022,tenant239@email.com
T0240,Tenant_240,555-8853,tenant240@email.com
T0241,Tenant_241,555-5794,tenant241@email.com
T0242,Tenant_242,555-6333,tenant242@email.com
T0243,Tenant_243,555-1646,tenant243@email.com
T0244,Tenant_244,555-7591,tenant244@email.com
T0245,Tenant_245,555-9784,tenant245@email.com
T0246,Tenant_246,555-6300,tenant246@email.com
T0247,Tenant_247,555-6345,tenant247@email.com
T0248,Tenant_248,555-2982,tenant248@email.com
T0249,Tenant_249,555-1117,tenant249@email.com
T0250,Tenant_250,555-7387,tenant250@email.com
T0251,Tenant_251,555-7944,tenant251@email.com
T0252,Tenant_252,555-1271,tenant252@email.com
T0253,Tenant_253,555-9268,tenant253@email.com
T0254,Tenant_254,555-4310,tenant254@email.com
T0255,Tenant_255,555-9442,tenant255@email.com
T0256,Tenant_256,555-8203,tenant256@email.com
T0257,Tenant_257,555-1221,tenant257@email.com
T0258,Tenant_258,555-4764,tenant258@email.com
T0259,Tenant_259,555-7548,tenant259@email.com
T0260,Tenant_260,555-2158,tenant260@email.com
T0261,Tenant_261,555-1895,tenant261@email.com
T0262,Tenant_262,555-2958,tenant262@email.com
T0263,Tenant_263,555-3294,tenant263@email.com
T0264,Tenant_264,555-9461,tenant264@email.com
T0265,Tenant_265,555-7132,tenant265@email.com
T0266,Tenant_266,555-1845,tenant266@email.com
T0267,Tenant_267,555-7625,tenant267@email.com
T0268,Tenant_268,555-8207,tenant268@email.com
T0269,Tenant_269,555-3752,tenant269@email.com
T0270,Tenant_270,555-6636,tenant270@email.com
T0271,Tenant_271,555-8576,tenant271@email.com
T0272,Tenant_272,555-4525,tenant272@email.com
T0273,Tenant_273,555-6342,tenant273@email.com
T0274,Tenant_274,555-4091,tenant274@email.com
T0275,Tenant_275,555-4972,tenant275@email.com
T0276,Tenant_276,555-2738,tenant276@email.com
T0277,Tenant_277,555-7471,tenant277@email.com
T0278,Tenant_278,555-7906,tenant278@email.com
T0279,Tenant_279,555-3697,tenant279@email.com
T0280,Tenant_280,555-9674,tenant280@email.com
T0281,Tenant_281,555-9721,tenant281@email.com
T0282,Tenant_282,555-4410,tenant282@email.com
T0283,Tenant_283,555-1715,tenant283@email.com
T0284,Tenant_284,555-9822,tenant284@email.com
T0285,Tenant_285,555-7589,tenant285@email.com
T0286,Tenant_286,555-8029,tenant286@email.com
T0287,Tenant_287,555-2779,tenant287@email.com
T0288,Tenant_288,555-9013,tenant288@email.com
T0289,Tenant_289,555-8238,tenant289@email.com
T0290,Tenant_290,555-7993,tenant290@email.com
T0291,Tenant_291,555-7838,tenant291@email.com
T0292,Tenant_292,555-1172,tenant292@email.com
T0293,Tenant_293,555-2155,tenant293@email.com
T0294,Tenant_294,555-8393,tenant294@email.com
T0295,Tenant_295,555-8081,tenant295@email.com
T0296,Tenant_296,555-4450,tenant296@email.com
T0297,Tenant_297,555-6614,tenant297@email.com
T0298,Tenant_298,555-8036,tenant298@email.com
T0299,Tenant_299,555-2707,tenant299@email.com
T0300,Tenant_300,555-5520,tenant300@email.com
T0301,Tenant_301,555-4275,tenant301@email.com
T0302,Tenant_302,555-7755,tenant302@email.com
T0303,Tenant_303,555-1915,tenant303@email.com
T0304,Tenant_304,555-8896,tenant304@email.com
T0305,Tenant_305,555-1954,tenant305@email.com
T0306,Tenant_306,555-8363,tenant306@email.com
T0307,Tenant_307,555-1355,tenant307@email.com
T0308,Tenant_308,555-1485,tenant308@email.com
T0309,Tenant_309,555-4231,tenant309@email.com
T0310,Tenant_310,555-8179,tenant310@email.com
T0311,Tenant_311,555-9969,tenant311@email.com
T0312,Tenant_312,555-2161,tenant312@email.com
T0313,Tenant_313,555-6887,tenant313@email.com
T0314,Tenant_314,555-2639,tenant314@email.com
T0315,Tenant_315,555-2460,tenant315@email.com
T0316,Tenant_316,555-3550,tenant316@email.com
T0317,Tenant_317,555-8094,tenant317@email.com
T0318,Tenant_318,555-1308,tenant318@email.com
T0319,Tenant_319,555-3724,tenant319@email.com
T0320,Tenant_320,555-5164,tenant320@email.com
T0321,Tenant_321,555-7792,tenant321@email.com
T0322,Tenant_322,555-9849,tenant322@email.com
T0323,Tenant_323,555-3272,tenant323@email.com
T0324,Tenant_324,555-9251,tenant324@email.com
T0325,Tenant_325,555-4376,tenant325@email.com
T0326,Tenant_326,555-9379,tenant326@email.com
T0327,Tenant_327,555-2038,tenant327@email.com
T0328,Tenant_328,555-8669,tenant328@email.com
T0329,Tenant_329,555-7246,tenant329@email.com
T0330,Tenant_330,555-4399,tenant330@email.com
T0331,Tenant_331,555-4975,tenant331@email.com
T0332,Tenant_332,555-9307,tenant332@email.com
T0333,Tenant_333,555-2831,tenant333@email.com
T0334,Tenant_334,555-8232,tenant334@email.com
T0335,Tenant_335,555-1104,tenant335@email.com
T0336,Tenant_336,555-7946,tenant336@email.com
T0337,Tenant_337,555-1618,tenant337@email.com
T0338,Tenant_338,555-1272,tenant338@email.com
T0339,Tenant_339,555-3198,tenant339@email.com
T0340,Tenant_340,555-3192,tenant340@email.com
T0341,Tenant_341,555-6794,tenant341@email.com
T0342,Tenant_342,555-3407,tenant342@email.com
T0343,Tenant_343,555-9938,tenant343@email.com
T0344,Tenant_344,555-2896,tenant344@email.com
T0345,Tenant_345,555-9304,tenant345@email.com
T0346,Tenant_346,555-4436,tenant346@email.com
T0347,Tenant_347,555-1161,tenant347@email.com
T0348,Tenant_348,555-1194,tenant348@email.com
T0349,Tenant_349,555-6249,tenant349@email.com
T0350,Tenant_350,555-9213,tenant350@email.com
T0351,Tenant_351,555-4908,tenant351@email.com
T0352,Tenant_352,555-2227,tenant352@email.com
T0353,Tenant_353,555-7890,tenant353@email.com
T0354,Tenant_354,555-8204,tenant354@email.com
T0355,Tenant_355,555-6229,tenant355@email.com
T0356,Tenant_356,555-7441,tenant356@email.com
T0357,Tenant_357,555-2162,tenant357@email.com
T0358,Tenant_358,555-8029,tenant358@email.com
T0359,Tenant_359,555-9078,tenant359@email.com
T0360,Tenant_360,555-2497,tenant360@email.com
T0361,Tenant_361,555-2719,tenant361@email.com
T0362,Tenant_362,555-5263,tenant362@email.com
T0363,Tenant_363,555-1629,tenant363@email.com
T0364,Tenant_364,555-3923,tenant364@email.com
T0365,Tenant_365,555-6964,tenant365@email.com
T0366,Tenant_366,555-5573,tenant366@email.com
T0367,Tenant_367,555-1924,tenant367@email.com
T0368,Tenant_368,555-3643,tenant368@email.com
T0369,Tenant_369,555-6303,tenant369@email.com
T0370,Tenant_370,555-1973,tenant370@email.com
T0371,Tenant_371,555-5407,tenant371@email.com
T0372,Tenant_372,555-7226,tenant372@email.com
T0373,Tenant_373,555-8802,tenant373@email.com
T0374,Tenant_374,555-2185,tenant374@email.com
T0375,Tenant_375,555-1913,tenant375@email.com
T0376,Tenant_376,555-2351,tenant376@email.com
T0377,Tenant_377,555-4150,tenant377@email.com
T0378,Tenant_378,555-5646,tenant378@email.com
T0379,Tenant_379,555-3936,tenant379@email.com
T0380,Tenant_380,555-5541,tenant380@email.com
T0381,Tenant_381,555-7086,tenant381@email.com
T0382,Tenant_382,555-3341,tenant382@email.com
T0383,Tenant_383,555-8993,tenant383@email.com
T0384,Tenant_384,555-8786,tenant384@email.com
T0385,Tenant_385,555-3367,tenant385@email.com
T0386,Tenant_386,555-8084,tenant386@email.com
T0387,Tenant_387,555-3220,tenant387@email.com
T0388,Tenant_388,555-6237,tenant388@email.com
T0389,Tenant_389,555-7496,tenant389@email.com
T0390,Tenant_390,555-5540,tenant390@email.com
T0391,Tenant_391,555-3328,tenant391@email.com
T0392,Tenant_392,555-9394,tenant392@email.com
T0393,Tenant_393,555-9426,tenant393@email.com
T0394,Tenant_394,555-2712,tenant394@email.com
T0395,Tenant_395,555-4379,tenant395@email.com
T0396,Tenant_396,555-5704,tenant396@email.com
T0397,Tenant_397,555-9916,tenant397@email.com
T0398,Tenant_398,555-7321,tenant398@email.com
T0399,Tenant_399,555-8747,tenant399@email.com
T0400,Tenant_400,555-7566,tenant400@email.com
T0401,Tenant_401,555-7098,tenant401@email.com
T0402,Tenant_402,555-1756,tenant402@email.com
T0403,Tenant_403,555-2767,tenant403@email.com
T0404,Tenant_404,555-2697,tenant404@email.com
T0405,Tenant_405,555-4417,tenant405@email.com
T0406,Tenant_406,555-4390,tenant406@email.com
T0407,Tenant_407,555-5792,tenant407@email.com
T0408,Tenant_408,555-3011,tenant408@email.com
T0409,Tenant_409,555-3432,tenant409@email.com
T0410,Tenant_410,555-6029,tenant410@email.com
T0411,Tenant_411,555-2918,tenant411@email.com
T0412,Tenant_412,555-5665,tenant412@email.com
T0413,Tenant_413,555-4081,tenant413@email.com
T0414,Tenant_414,555-2019,tenant414@email.com
T0415,Tenant_415,555-5107,tenant415@email.com
T0416,Tenant_416,555-5259,tenant416@email.com
T0417,Tenant_417,555-3486,tenant417@email.com
T0418,Tenant_418,555-6416,tenant418@email.com
T0419,Tenant_419,555-3529,tenant419@email.com
T0420,Tenant_420,555-5856,tenant420@email.com
T0421,Tenant_421,555-4607,tenant421@email.com
T0422,Tenant_422,555-2485,tenant422@email.com
T0423,Tenant_423,555-4474,tenant423@email.com
T0424,Tenant_424,555-8488,tenant424@email.com
T0425,Tenant_425,555-6044,tenant425@email.com
T0426,Tenant_426,555-7431,tenant426@email.com
T0427,Tenant_427,555-5162,tenant427@email.com
T0428,Tenant_428,555-2615,tenant428@email.com
T0429,Tenant_429,555-9430,tenant429@email.com
T0430,Tenant_430,555-5649,tenant430@email.com
T0431,Tenant_431,555-6622,tenant431@email.com
T0432,Tenant_432,555-9882,tenant432@email.com
T0433,Tenant_433,555-6687,tenant433@email.com
T0434,Tenant_434,555-9236,tenant434@email.com
T0435,Tenant_435,555-9923,tenant435@email.com
T0436,Tenant_436,555-9438,tenant436@email.com
T0437,Tenant_437,555-2669,tenant437@email.com
T0438,Tenant_438,555-8248,tenant438@email.com
T0439,Tenant_439,555-9875,tenant439@email.com
T0440,Tenant_440,555-4860,tenant440@email.com
T0441,Tenant_441,555-1163,tenant441@email.com
T0442,Tenant_442,555-7227,tenant442@email.com
T0443,Tenant_443,555-1487,tenant443@email.com
T0444,Tenant_444,555-3729,tenant444@email.com
T0445,Tenant_445,555-2260,tenant445@email.com
T0446,Tenant_446,555-3585,tenant446@email.com
T0447,Tenant_447,555-4165,tenant447@email.com
T0448,Tenant_448,555-6731,tenant448@email.com
T0449,Tenant_449,555-8472,tenant449@email.com
T0450,Tenant_450,555-8010,tenant450@email.com
T0451,Tenant_451,555-8336,tenant451@email.com
T0452,Tenant_452,555-4209,tenant452@email.com
T0453,Tenant_453,555-5432,tenant453@email.com
T0454,Tenant_454,555-6116,tenant454@email.com
T0455,Tenant_455,555-5946,tenant455@email.com
T0456,Tenant_456,555-7127,tenant456@email.com
T0457,Tenant_457,555-3504,tenant457@email.com
T0458,Tenant_458,555-4791,tenant458@email.com
T0459,Tenant_459,555-8516,tenant459@email.com
T0460,Tenant_460,555-6958,tenant460@email.com
T0461,Tenant_461,555-8095,tenant461@email.com
T0462,Tenant_462,555-6535,tenant462@email.com
T0463,Tenant_463,555-3168,tenant463@email.com
T0464,Tenant_464,555-3617,tenant464@email.com
T0465,Tenant_465,555-3367,tenant465@email.com
T0466,Tenant_466,555-9907,tenant466@email.com
T0467,Tenant_467,555-8332,tenant467@email.com
T0468,Tenant_468,555-9527,tenant468@email.com
T0469,Tenant_469,555-6321,tenant469@email.com
T0470,Tenant_470,555-4936,tenant470@email.com
T0471,Tenant_471,555-3795,tenant471@email.com
T0472,Tenant_472,555-3826,tenant472@email.com
T0473,Tenant_473,555-8327,tenant473@email.com
T0474,Tenant_474,555-2732,tenant474@email.com
T0475,Tenant_475,555-7360,tenant475@email.com
T0476,Tenant_476,555-2752,tenant476@email.com
T0477,Tenant_477,555-3194,tenant477@email.com
T0478,Tenant_478,555-8051,tenant478@email.com
T0479,Tenant_479,555-3938,tenant479@email.com
T0480,Tenant_480,555-8554,tenant480@email.com
T0481,Tenant_481,555-8696,tenant481@email.com
T0482,Tenant_482,555-3633,tenant482@email.com
T0483,Tenant_483,555-1244,tenant483@email.com
T0484,Tenant_484,555-8206,tenant484@email.com
T0485,Tenant_485,555-7185,tenant485@email.com
T0486,Tenant_486,555-7714,tenant486@email.com
T0487,Tenant_487,555-1432,tenant487@email.com
T0488,Tenant_488,555-8222,tenant488@email.com
T0489,Tenant_489,555-6140,tenant489@email.com
T0490,Tenant_490,555-7993,tenant490@email.com
T0491,Tenant_491,555-8936,tenant491@email.com
T0492,Tenant_492,555-7180,tenant492@email.com
T0493,Tenant_493,555-5809,tenant493@email.com
T0494,Tenant_494,555-7253,tenant494@email.com
T0495,Tenant_495,555-1939,tenant495@email.com
T0496,Tenant_496,555-5136,tenant496@email.com
T0497,Tenant_497,555-3014,tenant497@email.com
T0498,Tenant_498,555-5375,tenant498@email.com
T0499,Tenant_499,555-6076,tenant499@email.com
T0500,Tenant_500,555-4289,tenant500@email.com
T0501,Tenant_501,555-5017,tenant501@email.com
T0502,Tenant_502,555-1470,tenant502@email.com
T0503,Tenant_503,555-8957,tenant503@email.com
T0504,Tenant_504,555-1456,tenant504@email.com
T0505,Tenant_505,555-9682,tenant505@email.com
T0506,Tenant_506,555-8995,tenant506@email.com
T0507,Tenant_507,555-1002,tenant507@email.com
T0508,Tenant_508,555-6782,tenant508@email.com
T0509,Tenant_509,555-9784,tenant509@email.com
T0510,Tenant_510,555-5834,tenant510@email.com
T0511,Tenant_511,555-3451,tenant511@email.com
T0512,Tenant_512,555-2758,tenant512@email.com
T0513,Tenant_513,555-1662,tenant513@email.com
T0514,Tenant_514,555-6425,tenant514@email.com
T0515,Tenant_515,555-5186,tenant515@email.com
T0516,Tenant_516,555-9448,tenant516@email.com
T0517,Tenant_517,555-2841,tenant517@email.com
T0518,Tenant_518,555-8356,tenant518@email.com
T0519,Tenant_519,555-4892,tenant519@email.com
T0520,Tenant_520,555-6317,tenant520@email.com
T0521,Tenant_521,555-4059,tenant521@email.com
T0522,Tenant_522,555-9820,tenant522@email.com
T0523,Tenant_523,555-6205,tenant523@email.com
T0524,Tenant_524,555-8363,tenant524@email.com
T0525,Tenant_525,555-4928,tenant525@email.com
T0526,Tenant_526,555-9806,tenant526@email.com
T0527,Tenant_527,555-6481,tenant527@email.com
T0528,Tenant_528,555-4550,tenant528@email.com
T0529,Tenant_529,555-8362,tenant529@email.com
T0530,Tenant_530,555-8536,tenant530@email.com
T0531,Tenant_531,555-8518,tenant531@email.com
T0532,Tenant_532,555-9676,tenant532@email.com
T0533,Tenant_533,555-1774,tenant533@email.com
T0534,Tenant_534,555-2986,tenant534@email.com
T0535,Tenant_535,555-6214,tenant535@email.com
T0536,Tenant_536,555-4367,tenant536@email.com
T0537,Tenant_537,555-2035,tenant537@email.com
T0538,Tenant_538,555-3139,tenant538@email.com
T0539,Tenant_539,555-3537,tenant539@email.com
T0540,Tenant_540,555-6777,tenant540@email.com
T0541,Tenant_541,555-4672,tenant541@email.com
T0542,Tenant_542,555-9774,tenant542@email.com
T0543,Tenant_543,555-1348,tenant543@email.com
T0544,Tenant_544,555-5757,tenant544@email.com
T0545,Tenant_545,555-1716,tenant545@email.com
T0546,Tenant_546,555-8029,tenant546@email.com
T0547,Tenant_547,555-2052,tenant547@email.com
T0548,Tenant_548,555-8191,tenant548@email.com
T0549,Tenant_549,555-8564,tenant549@email.com
T0550,Tenant_550,555-3281,tenant550@email.com
T0551,Tenant_551,555-6119,tenant551@email.com
T0552,Tenant_552,555-1179,tenant552@email.com
T0553,Tenant_553,555-6413,tenant553@email.com
T0554,Tenant_554,555-3494,tenant554@email.com
T0555,Tenant_555,555-4881,tenant555@email.com
T0556,Tenant_556,555-8909,tenant556@email.com
T0557,Tenant_557,555-2173,tenant557@email.com
T0558,Tenant_558,555-7432,tenant558@email.com
T0559,Tenant_559,555-5173,tenant559@email.com
T0560,Tenant_560,555-7904,tenant560@email.com
T0561,Tenant_561,555-4768,tenant561@email.com
T0562,Tenant_562,555-7929,tenant562@email.com
T0563,Tenant_563,555-1142,tenant563@email.com
T0564,Tenant_564,555-3763,tenant564@email.com
T0565,Tenant_565,555-9090,tenant565@email.com
T0566,Tenant_566,555-9561,tenant566@email.com
T0567,Tenant_567,555-7914,tenant567@email.com
T0568,Tenant_568,555-8960,tenant568@email.com
T0569,Tenant_569,555-9009,tenant569@email.com
T0570,Tenant_570,555-2040,tenant570@email.com
T0571,Tenant_571,555-6314,tenant571@email.com
T0572,Tenant_572,555-5134,tenant572@email.com
T0573,Tenant_573,555-3251,tenant573@email.com
T0574,Tenant_574,555-7671,tenant574@email.com
T0575,Tenant_575,555-3231,tenant575@email.com
T0576,Tenant_576,555-5754,tenant576@email.com
T0577,Tenant_577,555-8105,tenant577@email.com
T0578,Tenant_578,555-8892,tenant578@email.com
T0579,Tenant_579,555-2964,tenant579@email.com
T0580,Tenant_580,555-9617,tenant580@email.com
T0581,Tenant_581,555-8342,tenant581@email.com
T0582,Tenant_582,555-2821,tenant582@email.com
T0583,Tenant_583,555-3787,tenant583@email.com
T0584,Tenant_584,555-3332,tenant584@email.com
T0585,Tenant_585,555-8749,tenant585@email.com
T0586,Tenant_586,555-6372,tenant586@email.com
T0587,Tenant_587,555-2267,tenant587@email.com
T0588,Tenant_588,555-6453,tenant588@email.com
T0589,Tenant_589,555-4084,tenant589@email.com
T0590,Tenant_590,555-1064,tenant590@email.com
T0591,Tenant_591,555-7266,tenant591@email.com
T0592,Tenant_592,555-7940,tenant592@email.com
T0593,Tenant_593,555-5831,tenant593@email.com
T0594,Tenant_594,555-5539,tenant594@email.com
T0595,Tenant_595,555-8250,tenant595@email.com
T0596,Tenant_596,555-5393,tenant596@email.com
T0597,Tenant_597,555-6120,tenant597@email.com
T0598,Tenant_598,555-4851,tenant598@email.com
T0599,Tenant_599,555-2042,tenant599@email.com
T0600,Tenant_600,555-6351,tenant600@email.com
T0601,Tenant_601,555-3194,tenant601@email.com
T0602,Tenant_602,555-2494,tenant602@email.com
T0603,Tenant_603,555-9035,tenant603@email.com
T0604,Tenant_604,555-7259,tenant604@email.com
T0605,Tenant_605,555-4821,tenant605@email.com
T0606,Tenant_606,555-7733,tenant606@email.com
T0607,Tenant_607,555-1238,tenant607@email.com
T0608,Tenant_608,555-4258,tenant608@email.com
T0609,Tenant_609,555-7110,tenant609@email.com
T0610,Tenant_610,555-7824,tenant610@email.com
T0611,Tenant_611,555-2412,tenant611@email.com
T0612,Tenant_612,555-8926,tenant612@email.com
T0613,Tenant_613,555-6455,tenant613@email.com
T0614,Tenant_614,555-7172,tenant614@email.com
T0615,Tenant_615,555-2179,tenant615@email.com
T0616,Tenant_616,555-9886,tenant616@email.com
T0617,Tenant_617,555-2386,tenant617@email.com
T0618,Tenant_618,555-6443,tenant618@email.com
T0619,Tenant_619,555-9066,tenant619@email.com
T0620,Tenant_620,555-8781,tenant620@email.com
T0621,Tenant_621,555-1556,tenant621@email.com
T0622,Tenant_622,555-8456,tenant622@email.com
T0623,Tenant_623,555-5473,tenant623@email.com
T0624,Tenant_624,555-8318,tenant624@email.com
T0625,Tenant_625,555-1098,tenant625@email.com
T0626,Tenant_626,555-5992,tenant626@email.com
T0627,Tenant_627,555-6108,tenant627@email.com
T0628,Tenant_628,555-8540,tenant628@email.com
T0629,Tenant_629,555-4472,tenant629@email.com
T0630,Tenant_630,555-2033,tenant630@email.com
T0631,Tenant_631,555-5538,tenant631@email.com
T0632,Tenant_632,555-2800,tenant632@email.com
T0633,Tenant_633,555-6093,tenant633@email.com
T0634,Tenant_634,555-3424,tenant634@email.com
T0635,Tenant_635,555-5114,tenant635@email.com
T0636,Tenant_636,555-2414,tenant636@email.com
T0637,Tenant_637,555-1043,tenant637@email.com
T0638,Tenant_638,555-8417,tenant638@email.com
T0639,Tenant_639,555-3827,tenant639@email.com
T0640,Tenant_640,555-9254,tenant640@email.com
T0641,Tenant_641,555-6251,tenant641@email.com
T0642,Tenant_642,555-9375,tenant642@email.com
T0643,Tenant_643,555-8099,tenant643@email.com
T0644,Tenant_644,555-5825,tenant644@email.com
T0645,Tenant_645,555-7045,tenant645@email.com
T0646,Tenant_646,555-1357,tenant646@email.com
T0647,Tenant_647,555-4851,tenant647@email.com
T0648,Tenant_648,555-2221,tenant648@email.com
T0649,Tenant_649,555-3198,tenant649@email.com
T0650,Tenant_650,555-1407,tenant650@email.com
T0651,Tenant_651,555-6314,tenant651@email.com
T0652,Tenant_652,555-3935,tenant652@email.com
T0653,Tenant_653,555-4762,tenant653@email.com
T0654,Tenant_654,555-9223,tenant654@email.com
T0655,Tenant_655,555-2223,tenant655@email.com
T0656,Tenant_656,555-6320,tenant656@email.com
T0657,Tenant_657,555-1662,tenant657@email.com
T0658,Tenant_658,555-8103,tenant658@email.com
T0659,Tenant_659,555-6654,tenant659@email.com
T0660,Tenant_660,555-7401,tenant660@email.com
T0661,Tenant_661,555-4578,tenant661@email.com
T0662,Tenant_662,555-3908,tenant662@email.com
T0663,Tenant_663,555-1233,tenant663@email.com
T0664,Tenant_664,555-4249,tenant664@email.com
T0665,Tenant_665,555-8762,tenant665@email.com
T0666,Tenant_666,555-4029,tenant666@email.com
T0667,Tenant_667,555-6930,tenant667@email.com
T0668,Tenant_668,555-4426,tenant668@email.com
T0669,Tenant_669,555-5916,tenant669@email.com
T0670,Tenant_670,555-5097,tenant670@email.com
T0671,Tenant_671,555-2309,tenant671@email.com
T0672,Tenant_672,555-4445,tenant672@email.com
T0673,Tenant_673,555-6404,tenant673@email.com
T0674,Tenant_674,555-8279,tenant674@email.com
T0675,Tenant_675,555-2204,tenant675@email.com
T0676,Tenant_676,555-9660,tenant676@email.com
T0677,Tenant_677,555-3003,tenant677@email.com
T0678,Tenant_678,555-9839,tenant678@email.com
T0679,Tenant_679,555-7144,tenant679@email.com
T0680,Tenant_680,555-8491,tenant680@email.com
T0681,Tenant_681,555-1664,tenant681@email.com
T0682,Tenant_682,555-2527,tenant682@email.com
T0683,Tenant_683,555-7790,tenant683@email.com
T0684,Tenant_684,555-7232,tenant684@email.com
T0685,Tenant_685,555-2691,tenant685@email.com
T0686,Tenant_686,555-3005,tenant686@email.com
T0687,Tenant_687,555-6723,tenant687@email.com
T0688,Tenant_688,555-2029,tenant688@email.com
T0689,Tenant_689,555-1001,tenant689@email.com
T0690,Tenant_690,555-2297,tenant690@email.com
T0691,Tenant_691,555-1472,tenant691@email.com
T0692,Tenant_692,555-8751,tenant692@email.com
T0693,Tenant_693,555-2220,tenant693@email.com
T0694,Tenant_694,555-6370,tenant694@email.com
T0695,Tenant_695,555-4355,tenant695@email.com
T0696,Tenant_696,555-9798,tenant696@email.com
T0697,Tenant_697,555-5751,tenant697@email.com
T0698,Tenant_698,555-7932,tenant698@email.com
T0699,Tenant_699,555-1500,tenant699@email.com
T0700,Tenant_700,555-3261,tenant700@email.com
T0701,Tenant_701,555-5043,tenant701@email.com
T0702,Tenant_702,555-2308,tenant702@email.com
T0703,Tenant_703,555-4347,tenant703@email.com
T0704,Tenant_704,555-1499,tenant704@email.com
T0705,Tenant_705,555-3917,tenant705@email.com
T0706,Tenant_706,555-3561,tenant706@email.com
T0707,Tenant_707,555-6930,tenant707@email.com
T0708,Tenant_708,555-1326,tenant708@email.com
T0709,Tenant_709,555-3976,tenant709@email.com
T0710,Tenant_710,555-5543,tenant710@email.com
T0711,Tenant_711,555-9986,tenant711@email.com
T0712,Tenant_712,555-1987,tenant712@email.com
T0713,Tenant_713,555-9458,tenant713@email.com
T0714,Tenant_714,555-1810,tenant714@email.com
T0715,Tenant_715,555-1096,tenant715@email.com
T0716,Tenant_716,555-2788,tenant716@email.com
T0717,Tenant_717,555-4612,tenant717@email.com
T0718,Tenant_718,555-8998,tenant718@email.com
T0719,Tenant_719,555-9907,tenant719@email.com
T0720,Tenant_720,555-5291,tenant720@email.com
T0721,Tenant_721,555-6605,tenant721@email.com
T0722,Tenant_722,555-7167,tenant722@email.com
T0723,Tenant_723,555-4439,tenant723@email.com
T0724,Tenant_724,555-2858,tenant724@email.com
T0725,Tenant_725,555-5549,tenant725@email.com
T0726,Tenant_726,555-2060,tenant726@email.com
T0727,Tenant_727,555-5726,tenant727@email.com
T0728,Tenant_728,555-8127,tenant728@email.com
T0729,Tenant_729,555-2486,tenant729@email.com
T0730,Tenant_730,555-9341,tenant730@email.com
T0731,Tenant_731,555-1169,tenant731@email.com
T0732,Tenant_732,555-6692,tenant732@email.com
T0733,Tenant_733,555-7329,tenant733@email.com
T0734,Tenant_734,555-4285,tenant734@email.com
T0735,Tenant_735,555-5014,tenant735@email.com
T0736,Tenant_736,555-4135,tenant736@email.com
T0737,Tenant_737,555-4965,tenant737@email.com
T0738,Tenant_738,555-3054,tenant738@email.com
T0739,Tenant_739,555-8264,tenant739@email.com
T0740,Tenant_740,555-4267,tenant740@email.com
T0741,Tenant_741,555-7820,tenant741@email.com
T0742,Tenant_742,555-1779,tenant742@email.com
T0743,Tenant_743,555-1090,tenant743@email.com
T0744,Tenant_744,555-5829,tenant744@email.com
T0745,Tenant_745,555-2619,tenant745@email.com
T0746,Tenant_746,555-3809,tenant746@email.com
T0747,Tenant_747,555-1794,tenant747@email.com
T0748,Tenant_748,555-1788,tenant748@email.com
T0749,Tenant_749,555-1316,tenant749@email.com
T0750,Tenant_750,555-6164,tenant750@email.com
T0751,Tenant_751,555-1444,tenant751@email.com
T0752,Tenant_752,555-1085,tenant752@email.com
T0753,Tenant_753,555-7876,tenant753@email.com
T0754,Tenant_754,555-2391,tenant754@email.com
T0755,Tenant_755,555-8871,tenant755@email.com
T0756,Tenant_756,555-9622,tenant756@email.com
T0757,Tenant_757,555-9015,tenant757@email.com
T0758,Tenant_758,555-7434,tenant758@email.com
T0759,Tenant_759,555-6048,tenant759@email.com
T0760,Tenant_760,555-6945,tenant760@email.com
T0761,Tenant_761,555-2447,tenant761@email.com
T0762,Tenant_762,555-2828,tenant762@email.com
T0763,Tenant_763,555-8877,tenant763@email.com
T0764,Tenant_764,555-8467,tenant764@email.com
T0765,Tenant_765,555-3147,tenant765@email.com
T0766,Tenant_766,555-7476,tenant766@email.com
T0767,Tenant_767,555-3853,tenant767@email.com
T0768,Tenant_768,555-2308,tenant768@email.com
T0769,Tenant_769,555-3496,tenant769@email.com
T0770,Tenant_770,555-1419,tenant770@email.com
T0771,Tenant_771,555-4685,tenant771@email.com
T0772,Tenant_772,555-5985,tenant772@email.com
T0773,Tenant_773,555-1175,tenant773@email.com
T0774,Tenant_774,555-4222,tenant774@email.com
T0775,Tenant_775,555-3669,tenant775@email.com
T0776,Tenant_776,555-3462,tenant776@email.com
T0777,Tenant_777,555-7464,tenant777@email.com
T0778,Tenant_778,555-1019,tenant778@email.com
T0779,Tenant_779,555-2763,tenant779@email.com
T0780,Tenant_780,555-7256,tenant780@email.com
T0781,Tenant_781,555-2977,tenant781@email.com
T0782,Tenant_782,555-2087,tenant782@email.com
T0783,Tenant_783,555-4157,tenant783@email.com
T0784,Tenant_784,555-6952,tenant784@email.com
T0785,Tenant_785,555-8772,tenant785@email.com
T0786,Tenant_786,555-2505,tenant786@email.com
T0787,Tenant_787,555-6606,tenant787@email.com
T0788,Tenant_788,555-9264,tenant788@email.com
T0789,Tenant_789,555-3101,tenant789@email.com
T0790,Tenant_790,555-9532,tenant790@email.com
T0791,Tenant_791,555-9738,tenant791@email.com
T0792,Tenant_792,555-7619,tenant792@email.com
T0793,Tenant_793,555-5636,tenant793@email.com
T0794,Tenant_794,555-7798,tenant794@email.com
T0795,Tenant_795,555-1994,tenant795@email.com
T0796,Tenant_796,555-3233,tenant796@email.com
T0797,Tenant_797,555-6244,tenant797@email.com
T0798,Tenant_798,555-8025,tenant798@email.com
T0799,Tenant_799,555-9715,tenant799@email.com
T0800,Tenant_800,555-8198,tenant800@email.com
T0801,Tenant_801,555-4987,tenant801@email.com
T0802,Tenant_802,555-4893,tenant802@email.com
T0803,Tenant_803,555-5219,tenant803@email.com
T0804,Tenant_804,555-4698,tenant804@email.com
T0805,Tenant_805,555-6695,tenant805@email.com
T0806,Tenant_806,555-7870,tenant806@email.com
T0807,Tenant_807,555-1069,tenant807@email.com
T0808,Tenant_808,555-3953,tenant808@email.com
T0809,Tenant_809,555-2856,tenant809@email.com
T0810,Tenant_810,555-6846,tenant810@email.com
T0811,Tenant_811,555-5475,tenant811@email.com
T0812,Tenant_812,555-8341,tenant812@email.com
T0813,Tenant_813,555-4524,tenant813@email.com
T0814,Tenant_814,555-5527,tenant814@email.com
T0815,Tenant_815,555-9894,tenant815@email.com
T0816,Tenant_816,555-8099,tenant816@email.com
T0817,Tenant_817,555-7211,tenant817@email.com
T0818,Tenant_818,555-2057,tenant818@email.com
T0819,Tenant_819,555-4766,tenant819@email.com
T0820,Tenant_820,555-7342,tenant820@email.com
T0821,Tenant_821,555-7982,tenant821@email.com
T0822,Tenant_822,555-9652,tenant822@email.com
T0823,Tenant_823,555-2997,tenant823@email.com
T0824,Tenant_824,555-6705,tenant824@email.com
T0825,Tenant_825,555-9684,tenant825@email.com
T0826,Tenant_826,555-7059,tenant826@email.com
T0827,Tenant_827,555-6161,tenant827@email.com
T0828,Tenant_828,555-4055,tenant828@email.com
T0829,Tenant_829,555-6112,tenant829@email.com
T0830,Tenant_830,555-1087,tenant830@email.com
T0831,Tenant_831,555-3049,tenant831@email.com
T0832,Tenant_832,555-8389,tenant832@email.com
T0833,Tenant_833,555-2474,tenant833@email.com
T0834,Tenant_834,555-9797,tenant834@email.com
T0835,Tenant_835,555-3557,tenant835@email.com
T0836,Tenant_836,555-2534,tenant836@email.com
T0837,Tenant_837,555-5454,tenant837@email.com
T0838,Tenant_838,555-8975,tenant838@email.com
T0839,Tenant_839,555-9949,tenant839@email.com
T0840,Tenant_840,555-7559,tenant840@email.com
T0841,Tenant_841,555-7255,tenant841@email.com
T0842,Tenant_842,555-5573,tenant842@email.com
T0843,Tenant_843,555-5174,tenant843@email.com
T0844,Tenant_844,555-8508,tenant844@email.com
T0845,Tenant_845,555-7366,tenant845@email.com
T0846,Tenant_846,555-3492,tenant846@email.com
T0847,Tenant_847,555-6709,tenant847@email.com
T0848,Tenant_848,555-8086,tenant848@email.com
T0849,Tenant_849,555-9345,tenant849@email.com
T0850,Tenant_850,555-7012,tenant850@email.com
T0851,Tenant_851,555-3333,tenant851@email.com
T0852,Tenant_852,555-3191,tenant852@email.com
T0853,Tenant_853,555-9905,tenant853@email.com
T0854,Tenant_854,555-7683,tenant854@email.com
T0855,Tenant_855,555-5622,tenant855@email.com
T0856,Tenant_856,555-4814,tenant856@email.com
T0857,Tenant_857,555-8899,tenant857@email.com
T0858,Tenant_858,555-7636,tenant858@email.com
T0859,Tenant_859,555-6260,tenant859@email.com
T0860,Tenant_860,555-5147,tenant860@email.com
T0861,Tenant_861,555-9770,tenant861@email.com
T0862,Tenant_862,555-8682,tenant862@email.com
T0863,Tenant_863,555-1225,tenant863@email.com
T0864,Tenant_864,555-9267,tenant864@email.com
T0865,Tenant_865,555-8491,tenant865@email.com
T0866,Tenant_866,555-3931,tenant866@email.com
T0867,Tenant_867,555-1426,tenant867@email.com
T0868,Tenant_868,555-1107,tenant868@email.com
T0869,Tenant_869,555-5725,tenant869@email.com
T0870,Tenant_870,555-8964,tenant870@email.com
T0871,Tenant_871,555-9789,tenant871@email.com
T0872,Tenant_872,555-7268,tenant872@email.com
T0873,Tenant_873,555-8726,tenant873@email.com
T0874,Tenant_874,555-2280,tenant874@email.com
T0875,Tenant_875,555-2985,tenant875@email.com
T0876,Tenant_876,555-5681,tenant876@email.com
T0877,Tenant_877,555-6211,tenant877@email.com
T0878,Tenant_878,555-4666,tenant878@email.com
T0879,Tenant_879,555-3382,tenant879@email.com
T0880,Tenant_880,555-6020,tenant880@email.com
T0881,Tenant_881,555-9385,tenant881@email.com
T0882,Tenant_882,555-4375,tenant882@email.com
T0883,Tenant_883,555-8265,tenant883@email.com
T0884,Tenant_884,555-5886,tenant884@email.com
T0885,Tenant_885,555-8167,tenant885@email.com
T0886,Tenant_886,555-5537,tenant886@email.com
T0887,Tenant_887,555-7597,tenant887@email.com
T0888,Tenant_888,555-4658,tenant888@email.com
T0889,Tenant_889,555-2882,tenant889@email.com
T0890,Tenant_890,555-9590,tenant890@email.com
T0891,Tenant_891,555-2947,tenant891@email.com
T0892,Tenant_892,555-6698,tenant892@email.com
T0893,Tenant_893,555-6293,tenant893@email.com
T0894,Tenant_894,555-6485,tenant894@email.com
T0895,Tenant_895,555-2741,tenant895@email.com
T0896,Tenant_896,555-8461,tenant896@email.com
T0897,Tenant_897,555-8209,tenant897@email.com
T0898,Tenant_898,555-8504,tenant898@email.com
T0899,Tenant_899,555-7482,tenant899@email.com
T0900,Tenant_900,555-7026,tenant900@email.com
T0901,Tenant_901,555-7870,tenant901@email.com
T0902,Tenant_902,555-7142,tenant902@email.com
T0903,Tenant_903,555-5774,tenant903@email.com
T0904,Tenant_904,555-8713,tenant904@email.com
T0905,Tenant_905,555-7245,tenant905@email.com
T0906,Tenant_906,555-8632,tenant906@email.com
T0907,Tenant_907,555-1375,tenant907@email.com
T0908,Tenant_908,555-7683,tenant908@email.com
T0909,Tenant_909,555-3118,tenant909@email.com
T0910,Tenant_910,555-6816,tenant910@email.com
T0911,Tenant_911,555-1260,tenant911@email.com
T0912,Tenant_912,555-8921,tenant912@email.com
T0913,Tenant_913,555-8449,tenant913@email.com
T0914,Tenant_914,555-3075,tenant914@email.com
T0915,Tenant_915,555-3928,tenant915@email.com
T0916,Tenant_916,555-2759,tenant916@email.com
T0917,Tenant_917,555-9629,tenant917@email.com
T0918,Tenant_918,555-6018,tenant918@email.com
T0919,Tenant_919,555-8859,tenant919@email.com
T0920,Tenant_920,555-5521,tenant920@email.com
T0921,Tenant_921,555-5044,tenant921@email.com
T0922,Tenant_922,555-5070,tenant922@email.com
T0923,Tenant_923,555-8211,tenant923@email.com
T0924,Tenant_924,555-1498,tenant924@email.com
T0925,Tenant_925,555-9430,tenant925@email.com
T0926,Tenant_926,555-6946,tenant926@email.com
T0927,Tenant_927,555-4137,tenant927@email.com
T0928,Tenant_928,555-9259,tenant928@email.com
T0929,Tenant_929,555-2619,tenant929@email.com
T0930,Tenant_930,555-3706,tenant930@email.com
T0931,Tenant_931,555-8724,tenant931@email.com
T0932,Tenant_932,555-9131,tenant932@email.com
T0933,Tenant_933,555-1719,tenant933@email.com
T0934,Tenant_934,555-2027,tenant934@email.com
T0935,Tenant_935,555-1031,tenant935@email.com
T0936,Tenant_936,555-3526,tenant936@email.com
T0937,Tenant_937,555-4761,tenant937@email.com
T0938,Tenant_938,555-4326,tenant938@email.com
T0939,Tenant_939,555-4217,tenant939@email.com
T0940,Tenant_940,555-3688,tenant940@email.com
T0941,Tenant_941,555-5305,tenant941@email.com
T0942,Tenant_942,555-3467,tenant942@email.com
T0943,Tenant_943,555-9189,tenant943@email.com
T0944,Tenant_944,555-4553,tenant944@email.com
T0945,Tenant_945,555-7446,tenant945@email.com
T0946,Tenant_946,555-5118,tenant946@email.com
T0947,Tenant_947,555-6541,tenant947@email.com
T0948,Tenant_948,555-2837,tenant948@email.com
T0949,Tenant_949,555-7502,tenant949@email.com
T0950,Tenant_950,555-5538,tenant950@email.com
T0951,Tenant_951,555-9919,tenant951@email.com
T0952,Tenant_952,555-5694,tenant952@email.com
T0953,Tenant_953,555-8781,tenant953@email.com
T0954,Tenant_954,555-7770,tenant954@email.com
T0955,Tenant_955,555-4052,tenant955@email.com
T0956,Tenant_956,555-9043,tenant956@email.com
T0957,Tenant_957,555-6157,tenant957@email.com
T0958,Tenant_958,555-9344,tenant958@email.com
T0959,Tenant_959,555-8242,tenant959@email.com
T0960,Tenant_960,555-2236,tenant960@email.com
T0961,Tenant_961,555-8515,tenant961@email.com
T0962,Tenant_962,555-5949,tenant962@email.com
T0963,Tenant_963,555-5703,tenant963@email.com
T0964,Tenant_964,555-5418,tenant964@email.com
T0965,Tenant_965,555-7570,tenant965@email.com
T0966,Tenant_966,555-5359,tenant966@email.com
T0967,Tenant_967,555-8476,tenant967@email.com
T0968,Tenant_968,555-9297,tenant968@email.com
T0969,Tenant_969,555-1305,tenant969@email.com
T0970,Tenant_970,555-9275,tenant970@email.com
T0971,Tenant_971,555-8141,tenant971@email.com
T0972,Tenant_972,555-3034,tenant972@email.com
T0973,Tenant_973,555-5585,tenant973@email.com
T0974,Tenant_974,555-5863,tenant974@email.com
T0975,Tenant_975,555-7423,tenant975@email.com
T0976,Tenant_976,555-3557,tenant976@email.com
T0977,Tenant_977,555-6991,tenant977@email.com
T0978,Tenant_978,555-9741,tenant978@email.com
T0979,Tenant_979,555-5484,tenant979@email.com
T0980,Tenant_980,555-9424,tenant980@email.com
T0981,Tenant_981,555-8356,tenant981@email.com
T0982,Tenant_982,555-1199,tenant982@email.com
T0983,Tenant_983,555-5258,tenant983@email.com
T0984,Tenant_984,555-8399,tenant984@email.com
T0985,Tenant_985,555-8277,tenant985@email.com
T0986,Tenant_986,555-3536,tenant986@email.com
T0987,Tenant_987,555-8200,tenant987@email.com
T0988,Tenant_988,555-2365,tenant988@email.com
T0989,Tenant_989,555-7936,tenant989@email.com
T0990,Tenant_990,555-8649,tenant990@email.com
T0991,Tenant_991,555-8733,tenant991@email.com
T0992,Tenant_992,555-8369,tenant992@email.com
T0993,Tenant_993,555-3715,tenant993@email.com
T0994,Tenant_994,555-6857,tenant994@email.com
T0995,Tenant_995,555-6565,tenant995@email.com
T0996,Tenant_996,555-7026,tenant996@email.com
T0997,Tenant_997,555-1146,tenant997@email.com
T0998,Tenant_998,555-8887,tenant998@email.com
T0999,Tenant_999,555-1218,tenant999@email.com
